,post_id,post_title,post_subreddit,creation_datetime,score,num_comments,total_awards_received
0,119d36d,New Idaho Bill Would Criminalize Anyone Administering Covid-19 mRNA Vaccines,Health,2023-02-22 21:05:23,4968,1350,1
1,119ggzz,1 in 3 parents 'unnecessarily' giving children fever-reducing medication: survey,Health,2023-02-22 22:45:52,193,58,0
2,119l309,"A woman dies every two minutes due to pregnancy or childbirth complications, despite maternal mortality rates dropping by a third in 20 years, the United Nations said Thursday",Health,2023-02-23 01:56:25,191,11,0
3,119j88c,Apple hits ‘major milestones’ in moonshot to bring noninvasive blood glucose monitoring to Apple Watch,Health,2023-02-23 00:36:20,83,38,0
4,119xg39,"A good night's sleep can add nearly five years to your life, Harvard scientists find",Health,2023-02-23 13:16:05,86,10,0
5,119onex,‘Forever chemicals’ disrupt key metabolic processes in children and teens: study,Health,2023-02-23 04:41:08,34,2,0
6,119el0e,Pill for skin disease also curbs excessive drinking,Health,2023-02-22 21:42:43,28,4,0
7,11a1yl3,STUDY: PEOPLE WHO REGULARLY USE LAXATIVES MAY HAVE AN INCREASED RISK OF DEMENTIA,Health,2023-02-23 16:32:55,28,17,0
8,11a0nxa,Study shows higher sperm counts in men who lift heavy objects,Health,2023-02-23 15:40:09,18,3,0
9,119y8el,"Laxative use may be linked to dementia risk, study says",Health,2023-02-23 13:52:20,18,8,0
10,119w4dz,Apple is reportedly closer to bringing no-prick glucose monitoring to the Watch,Health,2023-02-23 12:06:35,9,0,0
11,11a6ck2,How starting your bedtime routine at 7am will lead to a better night's sleep,Health,2023-02-23 19:28:37,8,2,0
12,11a13fh,Medicare rejects Alzheimer’s Association request for unrestricted coverage of treatments like Leqembi,Health,2023-02-23 15:58:18,5,1,0
13,119qxap,WHO Zero Draft of Global Emergency Powers Meeting,Health,2023-02-23 06:43:01,2,0,0
14,119thv6,Mouth breathers: stop hating yourselves(the article posted is not directly related to mouth breathing ),Health,2023-02-23 09:23:38,0,1,0
15,119w3bs,Angry Ohio residents confront train CEO during CNN town hall on toxic wreck,news,2023-02-23 12:04:53,47821,2780,1
16,119dg8w,"Norfolk Southern is paying $6.5 million to derailment victims. Meanwhile, it's shelling out $7.5 billion for shareholders | CNN Business",news,2023-02-22 21:14:01,16643,528,0
17,119i1yf,Detective: Colorado Springs club shooter ran neo-Nazi site,news,2023-02-22 23:46:49,6923,463,0
18,119p0n2,"NYPD: Angelina Cando, 30, facing charges for setting Pride flag on fire outside Little Prince restaurant in SoHo",news,2023-02-23 05:00:03,6919,931,0
19,119dc3c,NPR says it's cutting jobs by 10% as ad revenue drops,news,2023-02-22 21:11:18,3529,802,0
20,119xn9w,US mass killings linked to extremism spiked over last decade,news,2023-02-23 13:25:26,2798,219,1
21,119zc6g,"Supreme Court OKs overtime pay for $200,000-a-year oil rig worker",news,2023-02-23 14:43:19,2814,381,0
22,119j6w7,"Orlando News 13 news crew, 9 yr old girl, shot and killed. Others shot",news,2023-02-23 00:34:49,2383,505,0
23,119l9uq,"Magnitude 7.2 earthquake strikes Tajikistan, near border with China",news,2023-02-23 02:04:32,2157,184,0
24,119g75a,"Flooded with AI-created content, a sci-fi magazine suspends submissions",news,2023-02-22 22:35:52,928,140,0
25,119evw1,Supreme Court rejects man’s bid to sue police over arrest for Facebook parody,news,2023-02-22 21:51:14,898,120,0
26,119ngwb,Blizzard warning is first for Southern California mountains since 1989: National Weather Service,news,2023-02-23 03:43:19,889,68,0
27,11a44e1,Singer R. Kelly sentenced to one year on federal child pornography conviction,news,2023-02-23 17:59:08,926,118,0
28,11a3us0,Bodycam shows Houston area cop threatening to kill driver,news,2023-02-23 17:48:36,939,116,0
29,119u07j,AI-created images lose U.S. copyrights in test for new technology,news,2023-02-23 09:57:37,712,322,0
30,11a4zfq,Toxic wastewater from Ohio train derailment headed to Texas,news,2023-02-23 18:33:02,827,177,0
31,119wl6i,"Upland 6th graders accused of making racist drawings, giving them to Black students",news,2023-02-23 12:31:53,610,252,0
32,119dq5b,U.S. labor board limits gag clauses in severance agreements,news,2023-02-22 21:20:34,598,7,0
33,119jw0t,8-year-old boy missing from Washington state for 8 months is found in Missouri,news,2023-02-23 01:04:29,593,35,0
34,11a301g,"FTX founder Sam Bankman-Fried indicted on new criminal charges, including campaign finance violations | CNN Business",news,2023-02-23 17:14:11,604,36,0
35,119ink5,Numerous Colorado schools receive threats and reports of ‘active shooters’ Wednesday,news,2023-02-23 00:12:16,479,62,0
36,11a3fnu,German test Institut finds mold toxins in Heinz ketchup. No statement from Heinz so far.,news,2023-02-23 17:31:41,531,160,0
37,119rwt2,Swedish Deputy National Police Chief and Regional Police Chief found dead amidst investigation on gross misconduct,news,2023-02-23 07:42:28,386,14,0
38,11a6mxp,Harvey Weinstein sentenced to 16 years for rape conviction in LA,news,2023-02-23 19:40:20,465,35,0
39,119yc54,This ‘climate-friendly’ fuel comes with an astronomical cancer risk | Pollution,news,2023-02-23 13:57:11,353,40,0
40,119r0kq,5 die in small airplane crash in Little Rock,news,2023-02-23 06:48:27,314,63,0
41,119hd7k,"Russian radio stations play out 'fake' air raid warning after 'hack', Kremlin officials claim | World News",news,2023-02-22 23:19:48,293,22,0
42,119vq0z,Mexico passes electoral overhaul that critics warn weakens democracy,news,2023-02-23 11:44:17,298,39,0
43,11a4k00,Alaska lawmaker censured for asking if fatal child abuse saved taxpayer money,news,2023-02-23 18:15:54,314,72,0
44,11a05uf,Transportation Secretary Buttigieg visits site of Ohio toxic train wreck as NTSB will soon release a preliminary report | CNN,news,2023-02-23 15:18:43,286,115,0
45,119jnbx,Reports of active shooter at Naval Air Station Whidbey Is in Oak Harbor.,news,2023-02-23 00:54:21,189,33,0
46,11a0477,"Approaching Nine Months Since Tennessee’s Abortion Ban, DCS Remains in Disarray",news,2023-02-23 15:16:45,184,40,0
47,119yjg0,David Bowie’s Archive Acquired by London’s V&A Museum – Billboard,news,2023-02-23 14:06:07,153,10,0
48,11a3sts,"The Pokemon Company Donates $200,000 to Turkey and Syria Earthquake Victims",news,2023-02-23 17:46:25,157,15,0
49,11a02ac,Viatcheslav Rovneiko: Russian former spy found dead,news,2023-02-23 15:14:20,145,22,0
50,119iu4v,Hong Kong pulls visa for man behind gene-edited babies claim,news,2023-02-23 00:19:47,129,6,0
51,11a6wod,"After death of girl yesterday, 12 more detected with H5N1 bird flu in Cambodia",news,2023-02-23 19:51:30,120,49,0
52,119j0a5,"The vast majority of criminal cases end in plea bargains, a new report finds",news,2023-02-23 00:27:06,84,11,0
53,119hev9,"US strike kills 7 al-Shabaab fighters in Somalia, Pentagon says | CNN Politics",news,2023-02-22 23:21:32,75,3,0
54,11a3i5b,Nationwide temperature divide putting more than 100 records in jeopardy through weekend,news,2023-02-23 17:34:28,75,19,0
55,11a5ctx,Ransomware gang leaked Los Angeles student health records online,news,2023-02-23 18:48:23,71,9,0
56,11a1fgw,Japan’s mystery ball removed from the beach,news,2023-02-23 16:11:35,54,35,0
57,119izd1,Niger: EU launches its military partnership mission,news,2023-02-23 00:26:02,50,0,0
58,11a5mo3,BBC India: Director general tells staff to report without fear,news,2023-02-23 18:59:46,44,1,0
59,11a3jms,"From L.A. to Minneapolis, U.S. bashed by severe winter storms",news,2023-02-23 17:36:08,41,14,0
60,11a7kzr,12 army volunteers killed in jihadist-hit Burkina Faso,news,2023-02-23 20:18:39,28,2,0
61,11a4zvt,German court convicts man over Syrian war crime from 2014 – DW – 02/23/2023,news,2023-02-23 18:33:30,24,1,0
62,11a41xv,"Vatican, Oman establish diplomatic ties",news,2023-02-23 17:56:25,20,1,0
63,11a8mkv,TikTok is facing a joint investigation from Canadian privacy watchdogs,news,2023-02-23 21:01:08,17,0,0
64,11a7yck,Good Samaritan pins down drunk driver trying to run away after killing Euless cop,news,2023-02-23 20:33:59,0,3,0
